episode_reward_max,episode_reward_min,episode_reward_mean,episode_len_mean,episodes_this_iter,policy_reward_mean,custom_metrics,sampler_perf,off_policy_estimator,num_metric_batches_dropped,info,timesteps_this_iter,evaluation,done,timesteps_total,episodes_total,training_iteration,experiment_id,date,timestamp,time_this_iter_s,time_total_s,pid,hostname,node_ip,time_since_restore,timesteps_since_restore,iterations_since_restore,num_healthy_workers,disc_loss,disc_acc,disc_updates,disc_samples_seen
-55.546091632469775,-501.97792357967126,-284.5130628017369,1000.0,273,{},{},"{'mean_env_wait_ms': 0.2737594092574471, 'mean_processing_ms': 0.15076523950889326, 'mean_inference_ms': 0.7580384976020763}",{},0,"{'min_exploration': 1.0, 'max_exploration': 1.0, 'num_target_updates': 0, 'num_reward_updates': 32, 'num_steps_trained': 212992, 'num_steps_sampled': 280840, 'sample_throughput': 12821.52, 'train_throughput': 14871.597, 'num_weight_syncs': 693, 'num_samples_dropped': 0, 'replay_shard_0': {'add_batch_time_ms': 0.926, 'replay_time_ms': 4.182, 'update_priorities_time_ms': 24.022, 'policy_default_policy': {'added_count': 72020, 'sampled_count': 375296, 'est_size_bytes': 24558820, 'num_entries': 72020}}, 'async_time_sample_processing': 0.001, 'async_time_replay_processing': nan, 'async_time_update_priorities': nan, 'learner': {'default_policy': {'mean_q': -0.34249767661094666, 'max_q': 0.055821336805820465, 'min_q': -0.7595066428184509}}}",280840,"{'episode_reward_max': -323.7365068739274, 'episode_reward_min': -349.8879963564467, 'episode_reward_mean': -337.5573467776195, 'episode_len_mean': 1000.0, 'episodes_this_iter': 5, 'policy_reward_mean': {}, 'custom_metrics': {}, 'sampler_perf': {'mean_env_wait_ms': 0.2620160585641265, 'mean_processing_ms': 0.1140576507458507, 'mean_inference_ms': 0.7081690245587258}, 'off_policy_estimator': {}, 'num_metric_batches_dropped': 0}",False,280840,273,1,1d5de472210f4631a3cf53bfcdef24fb,2019-05-02_12-30-07,1556825407,41.793405532836914,41.793405532836914,29185,perceptron,169.229.222.188,41.793405532836914,280840,1,16,0.19954657554626465,0.982421875,4785,2449920
-65.6186719511886,-565.9653628383971,-283.40513385599337,1000.0,359,{},{},"{'mean_env_wait_ms': 0.2711906761696806, 'mean_processing_ms': 0.15009285552948085, 'mean_inference_ms': 0.7532696563388122}",{},0,"{'min_exploration': 1.0, 'max_exploration': 1.0, 'num_target_updates': 0, 'num_reward_updates': 100, 'num_steps_trained': 803840, 'num_steps_sampled': 640100, 'sample_throughput': 7465.278, 'train_throughput': 15028.103, 'num_weight_syncs': 1592, 'num_samples_dropped': 0, 'replay_shard_0': {'add_batch_time_ms': 0.796, 'replay_time_ms': 11.393, 'update_priorities_time_ms': 25.81, 'policy_default_policy': {'added_count': 163560, 'sampled_count': 847616, 'est_size_bytes': 55773960, 'num_entries': 163560}}, 'async_time_sample_processing': 0.002, 'async_time_replay_processing': nan, 'async_time_update_priorities': nan, 'learner': {'default_policy': {'mean_q': 0.31909939646720886, 'max_q': 1.7078304290771484, 'min_q': -0.15700936317443848}}}",359260,"{'episode_reward_max': -323.7365068739274, 'episode_reward_min': -349.8879963564467, 'episode_reward_mean': -337.5573467776195, 'episode_len_mean': 1000.0, 'episodes_this_iter': 5, 'policy_reward_mean': {}, 'custom_metrics': {}, 'sampler_perf': {'mean_env_wait_ms': 0.2620160585641265, 'mean_processing_ms': 0.1140576507458507, 'mean_inference_ms': 0.7081690245587258}, 'off_policy_estimator': {}, 'num_metric_batches_dropped': 0}",False,640100,632,2,1d5de472210f4631a3cf53bfcdef24fb,2019-05-02_12-30-46,1556825446,38.536827087402344,80.33023262023926,29185,perceptron,169.229.222.188,80.33023262023926,640100,2,16,0.18890634179115295,0.990234375,9648,4939776
-81.90977449460887,-540.160403414176,-285.1992361278044,1000.0,361,{},{},"{'mean_env_wait_ms': 0.27033049975498086, 'mean_processing_ms': 0.14956367657483385, 'mean_inference_ms': 0.7519016324071133}",{},0,"{'min_exploration': 1.0, 'max_exploration': 1.0, 'num_target_updates': 0, 'num_reward_updates': 168, 'num_steps_trained': 1335296, 'num_steps_sampled': 999580, 'sample_throughput': 12212.936, 'train_throughput': 14132.333, 'num_weight_syncs': 2492, 'num_samples_dropped': 0, 'replay_shard_0': {'add_batch_time_ms': 1.347, 'replay_time_ms': 14.877, 'update_priorities_time_ms': 26.052, 'policy_default_policy': {'added_count': 253860, 'sampled_count': 1280000, 'est_size_bytes': 86566260, 'num_entries': 253860}}, 'async_time_sample_processing': 0.003, 'async_time_replay_processing': nan, 'async_time_update_priorities': nan, 'learner': {'default_policy': {'mean_q': 1.780165195465088, 'max_q': 4.41026496887207, 'min_q': 0.7615090012550354}}}",359480,"{'episode_reward_max': -558.0465660198892, 'episode_reward_min': -655.1614371375313, 'episode_reward_mean': -602.1914589842993, 'episode_len_mean': 1000.0, 'episodes_this_iter': 5, 'policy_reward_mean': {}, 'custom_metrics': {}, 'sampler_perf': {'mean_env_wait_ms': 0.2732316809219962, 'mean_processing_ms': 0.12014420952258782, 'mean_inference_ms': 0.7394513053326962}, 'off_policy_estimator': {}, 'num_metric_batches_dropped': 0}",False,999580,993,3,1d5de472210f4631a3cf53bfcdef24fb,2019-05-02_12-31-29,1556825489,43.726765632629395,124.05699825286865,29185,perceptron,169.229.222.188,124.05699825286865,999580,3,16,0.2052386999130249,0.978515625,14387,7366144
-84.67758784456841,-499.28172848830934,-291.057246004591,1000.0,365,{},{},"{'mean_env_wait_ms': 0.2691837960156601, 'mean_processing_ms': 0.14899226747986266, 'mean_inference_ms': 0.7491109031239616}",{},0,"{'min_exploration': 1.0, 'max_exploration': 1.0, 'num_target_updates': 0, 'num_reward_updates': 235, 'num_steps_trained': 1933312, 'num_steps_sampled': 1363060, 'sample_throughput': 3265.352, 'train_throughput': 13845.921, 'num_weight_syncs': 3400, 'num_samples_dropped': 0, 'replay_shard_0': {'add_batch_time_ms': 0.682, 'replay_time_ms': 6.702, 'update_priorities_time_ms': 18.397, 'policy_default_policy': {'added_count': 344280, 'sampled_count': 1718528, 'est_size_bytes': 117399480, 'num_entries': 344280}}, 'async_time_sample_processing': 0.002, 'async_time_replay_processing': nan, 'async_time_update_priorities': nan, 'learner': {'default_policy': {'mean_q': 4.248889923095703, 'max_q': 7.93821382522583, 'min_q': 1.5522851943969727}}}",363480,"{'episode_reward_max': -558.0465660198892, 'episode_reward_min': -655.1614371375313, 'episode_reward_mean': -602.1914589842993, 'episode_len_mean': 1000.0, 'episodes_this_iter': 5, 'policy_reward_mean': {}, 'custom_metrics': {}, 'sampler_perf': {'mean_env_wait_ms': 0.2732316809219962, 'mean_processing_ms': 0.12014420952258782, 'mean_inference_ms': 0.7394513053326962}, 'off_policy_estimator': {}, 'num_metric_batches_dropped': 0}",False,1363060,1358,4,1d5de472210f4631a3cf53bfcdef24fb,2019-05-02_12-32-03,1556825523,33.42304515838623,157.48004341125488,29185,perceptron,169.229.222.188,157.48004341125488,1363060,4,16,0.20225287973880768,0.98046875,19117,9787904
3529.632492019311,-787.3621068402582,479.9696544825257,1000.0,361,{},{},"{'mean_env_wait_ms': 0.27122417485972455, 'mean_processing_ms': 0.148470780379781, 'mean_inference_ms': 0.7471352270159948}",{},0,"{'min_exploration': 1.0, 'max_exploration': 1.0, 'num_target_updates': 0, 'num_reward_updates': 302, 'num_steps_trained': 2393088, 'num_steps_sampled': 1725880, 'sample_throughput': 9729.92, 'train_throughput': 14631.725, 'num_weight_syncs': 4309, 'num_samples_dropped': 0, 'replay_shard_0': {'add_batch_time_ms': 1.739, 'replay_time_ms': 8.381, 'update_priorities_time_ms': 19.434, 'policy_default_policy': {'added_count': 432600, 'sampled_count': 2133760, 'est_size_bytes': 147516600, 'num_entries': 432600}}, 'async_time_sample_processing': 0.006, 'async_time_replay_processing': nan, 'async_time_update_priorities': nan, 'learner': {'default_policy': {'mean_q': 7.382410049438477, 'max_q': 40.04124069213867, 'min_q': 1.5229566097259521}}}",362820,"{'episode_reward_max': 2772.6863076073646, 'episode_reward_min': -145.13210213336052, 'episode_reward_mean': 946.8872098092268, 'episode_len_mean': 1000.0, 'episodes_this_iter': 5, 'policy_reward_mean': {}, 'custom_metrics': {}, 'sampler_perf': {'mean_env_wait_ms': 0.2737308012223901, 'mean_processing_ms': 0.12189178167358113, 'mean_inference_ms': 0.7469469079684748}, 'off_policy_estimator': {}, 'num_metric_batches_dropped': 0}",False,1725880,1719,5,1d5de472210f4631a3cf53bfcdef24fb,2019-05-02_12-32-42,1556825562,39.38529872894287,196.86534214019775,29185,perceptron,169.229.222.188,196.86534214019775,1725880,5,16,0.2121436893939972,0.974609375,23806,12188672
3720.4034385638847,-532.2714340768285,1755.7647298244435,1000.0,359,{},{},"{'mean_env_wait_ms': 0.27168762117428813, 'mean_processing_ms': 0.1483579606023393, 'mean_inference_ms': 0.7466897065366778}",{},0,"{'min_exploration': 1.0, 'max_exploration': 1.0, 'num_target_updates': 0, 'num_reward_updates': 369, 'num_steps_trained': 2929664, 'num_steps_sampled': 2086240, 'sample_throughput': 14036.927, 'train_throughput': 14979.443, 'num_weight_syncs': 5208, 'num_samples_dropped': 0, 'replay_shard_0': {'add_batch_time_ms': 0.62, 'replay_time_ms': 10.355, 'update_priorities_time_ms': 22.736, 'policy_default_policy': {'added_count': 520540, 'sampled_count': 2575104, 'est_size_bytes': 177504140, 'num_entries': 520540}}, 'async_time_sample_processing': 0.001, 'async_time_replay_processing': nan, 'async_time_update_priorities': nan, 'learner': {'default_policy': {'mean_q': 17.89101791381836, 'max_q': 56.02295684814453, 'min_q': -0.010928928852081299}}}",360360,"{'episode_reward_max': 2772.6863076073646, 'episode_reward_min': -145.13210213336052, 'episode_reward_mean': 946.8872098092268, 'episode_len_mean': 1000.0, 'episodes_this_iter': 5, 'policy_reward_mean': {}, 'custom_metrics': {}, 'sampler_perf': {'mean_env_wait_ms': 0.2737308012223901, 'mean_processing_ms': 0.12189178167358113, 'mean_inference_ms': 0.7469469079684748}, 'off_policy_estimator': {}, 'num_metric_batches_dropped': 0}",False,2086240,2078,6,1d5de472210f4631a3cf53bfcdef24fb,2019-05-02_12-33-18,1556825598,35.68864059448242,232.55398273468018,29185,perceptron,169.229.222.188,232.55398273468018,2086240,6,16,0.25700414180755615,0.970703125,28488,14585856
3944.3707607345377,-516.6072059981338,3089.163757407834,1000.0,345,{},{},"{'mean_env_wait_ms': 0.27050903724758346, 'mean_processing_ms': 0.14809270118886933, 'mean_inference_ms': 0.7457285873688491}",{},0,"{'min_exploration': 1.0, 'max_exploration': 1.0, 'num_target_updates': 0, 'num_reward_updates': 433, 'num_steps_trained': 3398656, 'num_steps_sampled': 2429900, 'sample_throughput': 8397.047, 'train_throughput': 13723.308, 'num_weight_syncs': 6067, 'num_samples_dropped': 0, 'replay_shard_0': {'add_batch_time_ms': 0.648, 'replay_time_ms': 8.48, 'update_priorities_time_ms': 19.849, 'policy_default_policy': {'added_count': 605880, 'sampled_count': 2966272, 'est_size_bytes': 206605080, 'num_entries': 605880}}, 'async_time_sample_processing': 0.003, 'async_time_replay_processing': nan, 'async_time_update_priorities': nan, 'learner': {'default_policy': {'mean_q': 26.65286636352539, 'max_q': 54.17332077026367, 'min_q': -3.106275796890259}}}",343660,"{'episode_reward_max': 2647.7553729975607, 'episode_reward_min': 2488.4886367415966, 'episode_reward_mean': 2575.7025520492157, 'episode_len_mean': 1000.0, 'episodes_this_iter': 5, 'policy_reward_mean': {}, 'custom_metrics': {}, 'sampler_perf': {'mean_env_wait_ms': 0.2679765226840878, 'mean_processing_ms': 0.12171700937138294, 'mean_inference_ms': 0.7450306807979146}, 'off_policy_estimator': {}, 'num_metric_batches_dropped': 0}",False,2429900,2423,7,1d5de472210f4631a3cf53bfcdef24fb,2019-05-02_12-33-56,1556825636,37.50475263595581,270.058735370636,29185,perceptron,169.229.222.188,270.058735370636,2429900,7,16,0.28427955508232117,0.96875,32966,16878592
3780.560976436058,-464.77680588001596,3126.743958212314,1000.0,368,{},{},"{'mean_env_wait_ms': 0.2698614001079109, 'mean_processing_ms': 0.14803950034047994, 'mean_inference_ms': 0.7452776007536488}",{},0,"{'min_exploration': 1.0, 'max_exploration': 1.0, 'num_target_updates': 0, 'num_reward_updates': 502, 'num_steps_trained': 3918848, 'num_steps_sampled': 2798020, 'sample_throughput': 4852.771, 'train_throughput': 13001.149, 'num_weight_syncs': 6987, 'num_samples_dropped': 0, 'replay_shard_0': {'add_batch_time_ms': 0.631, 'replay_time_ms': 7.509, 'update_priorities_time_ms': 21.237, 'policy_default_policy': {'added_count': 697100, 'sampled_count': 3408640, 'est_size_bytes': 237711100, 'num_entries': 697100}}, 'async_time_sample_processing': 0.003, 'async_time_replay_processing': nan, 'async_time_update_priorities': nan, 'learner': {'default_policy': {'mean_q': 33.88075256347656, 'max_q': 56.341495513916016, 'min_q': -4.78061580657959}}}",368120,"{'episode_reward_max': 2647.7553729975607, 'episode_reward_min': 2488.4886367415966, 'episode_reward_mean': 2575.7025520492157, 'episode_len_mean': 1000.0, 'episodes_this_iter': 5, 'policy_reward_mean': {}, 'custom_metrics': {}, 'sampler_perf': {'mean_env_wait_ms': 0.2679765226840878, 'mean_processing_ms': 0.12171700937138294, 'mean_inference_ms': 0.7450306807979146}, 'off_policy_estimator': {}, 'num_metric_batches_dropped': 0}",False,2798020,2791,8,1d5de472210f4631a3cf53bfcdef24fb,2019-05-02_12-34-30,1556825670,34.51592564582825,304.57466101646423,29185,perceptron,169.229.222.188,304.57466101646423,2798020,8,16,0.32683059573173523,0.935546875,37706,19305472
3911.6953311545813,-55.20962455782351,3241.778674612286,1000.0,349,{},{},"{'mean_env_wait_ms': 0.26935436814722924, 'mean_processing_ms': 0.14790583916742758, 'mean_inference_ms': 0.7442274488925189}",{},0,"{'min_exploration': 1.0, 'max_exploration': 1.0, 'num_target_updates': 0, 'num_reward_updates': 566, 'num_steps_trained': 4372480, 'num_steps_sampled': 3147320, 'sample_throughput': 10778.322, 'train_throughput': 13182.033, 'num_weight_syncs': 7861, 'num_samples_dropped': 0, 'replay_shard_0': {'add_batch_time_ms': 0.953, 'replay_time_ms': 9.807, 'update_priorities_time_ms': 18.939, 'policy_default_policy': {'added_count': 782460, 'sampled_count': 3809024, 'est_size_bytes': 266818860, 'num_entries': 782460}}, 'async_time_sample_processing': 0.004, 'async_time_replay_processing': nan, 'async_time_update_priorities': nan, 'learner': {'default_policy': {'mean_q': 38.91108322143555, 'max_q': 57.4116325378418, 'min_q': 1.284106731414795}}}",349300,"{'episode_reward_max': 3611.118471918631, 'episode_reward_min': 3230.7125795496, 'episode_reward_mean': 3472.9613263571578, 'episode_len_mean': 1000.0, 'episodes_this_iter': 5, 'policy_reward_mean': {}, 'custom_metrics': {}, 'sampler_perf': {'mean_env_wait_ms': 0.2681666312823752, 'mean_processing_ms': 0.12311495636658709, 'mean_inference_ms': 0.7524452767035654}, 'off_policy_estimator': {}, 'num_metric_batches_dropped': 0}",False,3147320,3140,9,1d5de472210f4631a3cf53bfcdef24fb,2019-05-02_12-35-10,1556825710,40.167834520339966,344.7424955368042,29185,perceptron,169.229.222.188,344.7424955368042,3147320,9,16,0.3495577871799469,0.943359375,42219,21616128
4381.05718091198,-524.7944923958255,3634.7426512852016,1000.0,348,{},{},"{'mean_env_wait_ms': 0.2691936275846872, 'mean_processing_ms': 0.1480543778941158, 'mean_inference_ms': 0.7447797797817046}",{},0,"{'min_exploration': 1.0, 'max_exploration': 1.0, 'num_target_updates': 0, 'num_reward_updates': 631, 'num_steps_trained': 4904960, 'num_steps_sampled': 3495160, 'sample_throughput': 11208.889, 'train_throughput': 14665.071, 'num_weight_syncs': 8732, 'num_samples_dropped': 0, 'replay_shard_0': {'add_batch_time_ms': 1.175, 'replay_time_ms': 8.535, 'update_priorities_time_ms': 21.373, 'policy_default_policy': {'added_count': 869640, 'sampled_count': 4224768, 'est_size_bytes': 296547240, 'num_entries': 869640}}, 'async_time_sample_processing': 0.002, 'async_time_replay_processing': nan, 'async_time_update_priorities': nan, 'learner': {'default_policy': {'mean_q': 41.05006408691406, 'max_q': 58.248294830322266, 'min_q': 0.8603969216346741}}}",347840,"{'episode_reward_max': 3611.118471918631, 'episode_reward_min': 3230.7125795496, 'episode_reward_mean': 3472.9613263571578, 'episode_len_mean': 1000.0, 'episodes_this_iter': 5, 'policy_reward_mean': {}, 'custom_metrics': {}, 'sampler_perf': {'mean_env_wait_ms': 0.2681666312823752, 'mean_processing_ms': 0.12311495636658709, 'mean_inference_ms': 0.7524452767035654}, 'off_policy_estimator': {}, 'num_metric_batches_dropped': 0}",False,3495160,3488,10,1d5de472210f4631a3cf53bfcdef24fb,2019-05-02_12-35-43,1556825743,33.17244219779968,377.9149377346039,29185,perceptron,169.229.222.188,377.9149377346039,3495160,10,16,0.4157758951187134,0.89453125,46699,23909888
4650.818892429829,-480.01554420633454,3489.0396181326983,1000.0,344,{},{},"{'mean_env_wait_ms': 0.26866018867994074, 'mean_processing_ms': 0.14787939961934443, 'mean_inference_ms': 0.7438973104359162}",{},0,"{'min_exploration': 1.0, 'max_exploration': 1.0, 'num_target_updates': 0, 'num_reward_updates': 695, 'num_steps_trained': 5336064, 'num_steps_sampled': 3839120, 'sample_throughput': 13047.134, 'train_throughput': 13635.785, 'num_weight_syncs': 9589, 'num_samples_dropped': 0, 'replay_shard_0': {'add_batch_time_ms': 0.686, 'replay_time_ms': 13.42, 'update_priorities_time_ms': 25.551, 'policy_default_policy': {'added_count': 956620, 'sampled_count': 4614144, 'est_size_bytes': 326207420, 'num_entries': 956620}}, 'async_time_sample_processing': 0.006, 'async_time_replay_processing': nan, 'async_time_update_priorities': nan, 'learner': {'default_policy': {'mean_q': 42.03349304199219, 'max_q': 59.814266204833984, 'min_q': 1.0744986534118652}}}",343960,"{'episode_reward_max': 4487.011950808617, 'episode_reward_min': 2889.322605858745, 'episode_reward_mean': 4060.4847419871103, 'episode_len_mean': 1000.0, 'episodes_this_iter': 5, 'policy_reward_mean': {}, 'custom_metrics': {}, 'sampler_perf': {'mean_env_wait_ms': 0.26637278115121654, 'mean_processing_ms': 0.12297976483944768, 'mean_inference_ms': 0.7520171561338831}, 'off_policy_estimator': {}, 'num_metric_batches_dropped': 0}",False,3839120,3832,11,1d5de472210f4631a3cf53bfcdef24fb,2019-05-02_12-36-22,1556825782,38.21292781829834,416.1278655529022,29185,perceptron,169.229.222.188,416.1278655529022,3839120,11,16,0.36443382501602173,0.9375,51110,26168320
4688.185020258356,-466.637258830823,3716.968548521489,1000.0,366,{},{},"{'mean_env_wait_ms': 0.2680747380271515, 'mean_processing_ms': 0.14766950199426007, 'mean_inference_ms': 0.7428434228046418}",{},0,"{'min_exploration': 1.0, 'max_exploration': 1.0, 'num_target_updates': 0, 'num_reward_updates': 763, 'num_steps_trained': 5863424, 'num_steps_sampled': 4206480, 'sample_throughput': 16818.327, 'train_throughput': 14620.464, 'num_weight_syncs': 10508, 'num_samples_dropped': 0, 'replay_shard_0': {'add_batch_time_ms': 0.643, 'replay_time_ms': 9.55, 'update_priorities_time_ms': 18.25, 'policy_default_policy': {'added_count': 1049000, 'sampled_count': 5061888, 'est_size_bytes': 357709000, 'num_entries': 1049000}}, 'async_time_sample_processing': 0.001, 'async_time_replay_processing': nan, 'async_time_update_priorities': nan, 'learner': {'default_policy': {'mean_q': 41.51265335083008, 'max_q': 58.863685607910156, 'min_q': 1.4449622631072998}}}",367360,"{'episode_reward_max': 4487.011950808617, 'episode_reward_min': 2889.322605858745, 'episode_reward_mean': 4060.4847419871103, 'episode_len_mean': 1000.0, 'episodes_this_iter': 5, 'policy_reward_mean': {}, 'custom_metrics': {}, 'sampler_perf': {'mean_env_wait_ms': 0.26637278115121654, 'mean_processing_ms': 0.12297976483944768, 'mean_inference_ms': 0.7520171561338831}, 'off_policy_estimator': {}, 'num_metric_batches_dropped': 0}",False,4206480,4198,12,1d5de472210f4631a3cf53bfcdef24fb,2019-05-02_12-36-57,1556825817,35.73463702201843,451.86250257492065,29185,perceptron,169.229.222.188,451.86250257492065,4206480,12,16,0.3492785096168518,0.943359375,55882,28611584
5334.717952578166,-520.771983871057,3754.548732659795,1000.0,348,{},{},"{'mean_env_wait_ms': 0.26794346175984673, 'mean_processing_ms': 0.147774490959462, 'mean_inference_ms': 0.7431374811930971}",{},0,"{'min_exploration': 1.0, 'max_exploration': 1.0, 'num_target_updates': 0, 'num_reward_updates': 828, 'num_steps_trained': 6337536, 'num_steps_sampled': 4556220, 'sample_throughput': 11526.965, 'train_throughput': 14102.473, 'num_weight_syncs': 11384, 'num_samples_dropped': 0, 'replay_shard_0': {'add_batch_time_ms': 0.687, 'replay_time_ms': 9.108, 'update_priorities_time_ms': 18.978, 'policy_default_policy': {'added_count': 1134100, 'sampled_count': 5462784, 'est_size_bytes': 386728100, 'num_entries': 1134100}}, 'async_time_sample_processing': 0.01, 'async_time_replay_processing': nan, 'async_time_update_priorities': nan, 'learner': {'default_policy': {'mean_q': 42.53279495239258, 'max_q': 59.308563232421875, 'min_q': 1.8997929096221924}}}",349740,"{'episode_reward_max': 5209.072806078209, 'episode_reward_min': 1950.6930500448643, 'episode_reward_mean': 4451.832283832562, 'episode_len_mean': 1000.0, 'episodes_this_iter': 5, 'policy_reward_mean': {}, 'custom_metrics': {}, 'sampler_perf': {'mean_env_wait_ms': 0.26354926582729904, 'mean_processing_ms': 0.12258241684483706, 'mean_inference_ms': 0.7510785624276477}, 'off_policy_estimator': {}, 'num_metric_batches_dropped': 0}",False,4556220,4546,13,1d5de472210f4631a3cf53bfcdef24fb,2019-05-02_12-37-37,1556825857,39.79684019088745,491.6593427658081,29185,perceptron,169.229.222.188,491.6593427658081,4556220,13,16,0.36985349655151367,0.94140625,60398,30923776
5643.042805633031,446.0769411516697,4809.961882344801,1000.0,351,{},{},"{'mean_env_wait_ms': 0.2674592631257072, 'mean_processing_ms': 0.14782317726805003, 'mean_inference_ms': 0.7430941255066174}",{},0,"{'min_exploration': 1.0, 'max_exploration': 1.0, 'num_target_updates': 0, 'num_reward_updates': 893, 'num_steps_trained': 6864896, 'num_steps_sampled': 4905140, 'sample_throughput': 15202.95, 'train_throughput': 13183.206, 'num_weight_syncs': 12253, 'num_samples_dropped': 0, 'replay_shard_0': {'add_batch_time_ms': 0.677, 'replay_time_ms': 7.648, 'update_priorities_time_ms': 18.279, 'policy_default_policy': {'added_count': 1220180, 'sampled_count': 5880832, 'est_size_bytes': 416081380, 'num_entries': 1220180}}, 'async_time_sample_processing': 0.002, 'async_time_replay_processing': nan, 'async_time_update_priorities': nan, 'learner': {'default_policy': {'mean_q': 44.68937683105469, 'max_q': 65.05061340332031, 'min_q': -21.65932846069336}}}",348920,"{'episode_reward_max': 5209.072806078209, 'episode_reward_min': 1950.6930500448643, 'episode_reward_mean': 4451.832283832562, 'episode_len_mean': 1000.0, 'episodes_this_iter': 5, 'policy_reward_mean': {}, 'custom_metrics': {}, 'sampler_perf': {'mean_env_wait_ms': 0.26354926582729904, 'mean_processing_ms': 0.12258241684483706, 'mean_inference_ms': 0.7510785624276477}, 'off_policy_estimator': {}, 'num_metric_batches_dropped': 0}",False,4905140,4897,14,1d5de472210f4631a3cf53bfcdef24fb,2019-05-02_12-38-11,1556825891,33.231263160705566,524.8906059265137,29185,perceptron,169.229.222.188,524.8906059265137,4905140,14,16,0.3725467324256897,0.92578125,64891,33224192
6001.095407315732,399.4471058774528,5170.943070142961,1000.0,350,{},{},"{'mean_env_wait_ms': 0.26673951771562665, 'mean_processing_ms': 0.14768643707536352, 'mean_inference_ms': 0.7422871742669918}",{},0,"{'min_exploration': 1.0, 'max_exploration': 1.0, 'num_target_updates': 0, 'num_reward_updates': 957, 'num_steps_trained': 7304192, 'num_steps_sampled': 5255120, 'sample_throughput': 9650.477, 'train_throughput': 15366.708, 'num_weight_syncs': 13131, 'num_samples_dropped': 0, 'replay_shard_0': {'add_batch_time_ms': 0.636, 'replay_time_ms': 9.254, 'update_priorities_time_ms': 18.127, 'policy_default_policy': {'added_count': 1306200, 'sampled_count': 6273536, 'est_size_bytes': 445414200, 'num_entries': 1306200}}, 'async_time_sample_processing': 0.007, 'async_time_replay_processing': nan, 'async_time_update_priorities': nan, 'learner': {'default_policy': {'mean_q': 45.743011474609375, 'max_q': 73.24405670166016, 'min_q': -35.547061920166016}}}",349980,"{'episode_reward_max': 6258.964849208172, 'episode_reward_min': 5891.323288414424, 'episode_reward_mean': 6029.299482452195, 'episode_len_mean': 1000.0, 'episodes_this_iter': 5, 'policy_reward_mean': {}, 'custom_metrics': {}, 'sampler_perf': {'mean_env_wait_ms': 0.26182243472795874, 'mean_processing_ms': 0.12266853380668416, 'mean_inference_ms': 0.7513466391234194}, 'off_policy_estimator': {}, 'num_metric_batches_dropped': 0}",False,5255120,5247,15,1d5de472210f4631a3cf53bfcdef24fb,2019-05-02_12-38-50,1556825930,39.00102400779724,563.8916299343109,29185,perceptron,169.229.222.188,563.8916299343109,5255120,15,16,0.40166372060775757,0.927734375,69328,35495936
6485.961214196358,-220.7564514178062,5645.379227711434,1000.0,374,{},{},"{'mean_env_wait_ms': 0.2660319407005908, 'mean_processing_ms': 0.14756716126374927, 'mean_inference_ms': 0.7416286672853194}",{},0,"{'min_exploration': 1.0, 'max_exploration': 1.0, 'num_target_updates': 0, 'num_reward_updates': 1026, 'num_steps_trained': 7842816, 'num_steps_sampled': 5627240, 'sample_throughput': 10017.394, 'train_throughput': 15600.398, 'num_weight_syncs': 14061, 'num_samples_dropped': 0, 'replay_shard_0': {'add_batch_time_ms': 0.688, 'replay_time_ms': 9.742, 'update_priorities_time_ms': 21.169, 'policy_default_policy': {'added_count': 1397800, 'sampled_count': 6718976, 'est_size_bytes': 476649800, 'num_entries': 1397800}}, 'async_time_sample_processing': 0.006, 'async_time_replay_processing': nan, 'async_time_update_priorities': nan, 'learner': {'default_policy': {'mean_q': 50.52879333496094, 'max_q': 75.60969543457031, 'min_q': 1.2687268257141113}}}",372120,"{'episode_reward_max': 6258.964849208172, 'episode_reward_min': 5891.323288414424, 'episode_reward_mean': 6029.299482452195, 'episode_len_mean': 1000.0, 'episodes_this_iter': 5, 'policy_reward_mean': {}, 'custom_metrics': {}, 'sampler_perf': {'mean_env_wait_ms': 0.26182243472795874, 'mean_processing_ms': 0.12266853380668416, 'mean_inference_ms': 0.7513466391234194}, 'off_policy_estimator': {}, 'num_metric_batches_dropped': 0}",False,5627240,5621,16,1d5de472210f4631a3cf53bfcdef24fb,2019-05-02_12-39-26,1556825966,36.30077505111694,600.1924049854279,29185,perceptron,169.229.222.188,600.1924049854279,5627240,16,16,0.41776740550994873,0.931640625,74018,37897216
6677.180466995112,830.9002838719273,5902.5733232552575,1000.0,353,{},{},"{'mean_env_wait_ms': 0.2655915215541605, 'mean_processing_ms': 0.14758679822224915, 'mean_inference_ms': 0.7417274314406525}",{},0,"{'min_exploration': 1.0, 'max_exploration': 1.0, 'num_target_updates': 0, 'num_reward_updates': 1092, 'num_steps_trained': 8330240, 'num_steps_sampled': 5983000, 'sample_throughput': 14945.384, 'train_throughput': 13130.084, 'num_weight_syncs': 14948, 'num_samples_dropped': 0, 'replay_shard_0': {'add_batch_time_ms': 0.646, 'replay_time_ms': 10.219, 'update_priorities_time_ms': 21.387, 'policy_default_policy': {'added_count': 1484780, 'sampled_count': 7116032, 'est_size_bytes': 506309980, 'num_entries': 1484780}}, 'async_time_sample_processing': 0.004, 'async_time_replay_processing': nan, 'async_time_update_priorities': nan, 'learner': {'default_policy': {'mean_q': 50.57929611206055, 'max_q': 83.35562896728516, 'min_q': -18.77263832092285}}}",355760,"{'episode_reward_max': 6620.715686832555, 'episode_reward_min': 6262.493323446938, 'episode_reward_mean': 6466.588103619811, 'episode_len_mean': 1000.0, 'episodes_this_iter': 5, 'policy_reward_mean': {}, 'custom_metrics': {}, 'sampler_perf': {'mean_env_wait_ms': 0.2630250777857978, 'mean_processing_ms': 0.1242783438627492, 'mean_inference_ms': 0.7572695626318187}, 'off_policy_estimator': {}, 'num_metric_batches_dropped': 0}",False,5983000,5974,17,1d5de472210f4631a3cf53bfcdef24fb,2019-05-02_12-40-09,1556826009,42.651145935058594,642.8435509204865,29185,perceptron,169.229.222.188,642.8435509204865,5983000,17,16,0.47799116373062134,0.875,78413,40147456
6584.76770053827,580.5132161682184,5657.696603546661,1000.0,328,{},{},"{'mean_env_wait_ms': 0.26536803473230125, 'mean_processing_ms': 0.1477439777736284, 'mean_inference_ms': 0.7428082435954402}",{},0,"{'min_exploration': 1.0, 'max_exploration': 1.0, 'num_target_updates': 0, 'num_reward_updates': 1154, 'num_steps_trained': 8879104, 'num_steps_sampled': 6309660, 'sample_throughput': 6974.095, 'train_throughput': 14423.503, 'num_weight_syncs': 15766, 'num_samples_dropped': 0, 'replay_shard_0': {'add_batch_time_ms': 0.664, 'replay_time_ms': 11.376, 'update_priorities_time_ms': 19.166, 'policy_default_policy': {'added_count': 1565860, 'sampled_count': 7510784, 'est_size_bytes': 533958260, 'num_entries': 1565860}}, 'async_time_sample_processing': 0.005, 'async_time_replay_processing': nan, 'async_time_update_priorities': nan, 'learner': {'default_policy': {'mean_q': 57.02867126464844, 'max_q': 80.41524505615234, 'min_q': -0.47438645362854004}}}",326660,"{'episode_reward_max': 6620.715686832555, 'episode_reward_min': 6262.493323446938, 'episode_reward_mean': 6466.588103619811, 'episode_len_mean': 1000.0, 'episodes_this_iter': 5, 'policy_reward_mean': {}, 'custom_metrics': {}, 'sampler_perf': {'mean_env_wait_ms': 0.2630250777857978, 'mean_processing_ms': 0.1242783438627492, 'mean_inference_ms': 0.7572695626318187}, 'off_policy_estimator': {}, 'num_metric_batches_dropped': 0}",False,6309660,6302,18,1d5de472210f4631a3cf53bfcdef24fb,2019-05-02_12-40-42,1556826042,33.42632269859314,676.2698736190796,29185,perceptron,169.229.222.188,676.2698736190796,6309660,18,16,0.45759060978889465,0.908203125,82573,42277376
6666.830197635775,-281.5659439977695,5911.859598334662,1000.0,342,{},{},"{'mean_env_wait_ms': 0.2648143168140004, 'mean_processing_ms': 0.14772167624847318, 'mean_inference_ms': 0.7437779234690255}",{},0,"{'min_exploration': 1.0, 'max_exploration': 1.0, 'num_target_updates': 0, 'num_reward_updates': 1219, 'num_steps_trained': 9324544, 'num_steps_sampled': 6651660, 'sample_throughput': 15764.4, 'train_throughput': 14526.126, 'num_weight_syncs': 16621, 'num_samples_dropped': 0, 'replay_shard_0': {'add_batch_time_ms': 0.94, 'replay_time_ms': 9.572, 'update_priorities_time_ms': 22.894, 'policy_default_policy': {'added_count': 1654040, 'sampled_count': 7914240, 'est_size_bytes': 564027640, 'num_entries': 1654040}}, 'async_time_sample_processing': 0.004, 'async_time_replay_processing': nan, 'async_time_update_priorities': nan, 'learner': {'default_policy': {'mean_q': 56.993385314941406, 'max_q': 84.30713653564453, 'min_q': -5.81537389755249}}}",342000,"{'episode_reward_max': 6320.12878642908, 'episode_reward_min': 6156.838177711138, 'episode_reward_mean': 6243.2366065573315, 'episode_len_mean': 1000.0, 'episodes_this_iter': 5, 'policy_reward_mean': {}, 'custom_metrics': {}, 'sampler_perf': {'mean_env_wait_ms': 0.26144008394072343, 'mean_processing_ms': 0.12412785343711082, 'mean_inference_ms': 0.7547803758345973}, 'off_policy_estimator': {}, 'num_metric_batches_dropped': 0}",False,6651660,6644,19,1d5de472210f4631a3cf53bfcdef24fb,2019-05-02_12-41-25,1556826085,43.36268997192383,719.6325635910034,29185,perceptron,169.229.222.188,719.6325635910034,6651660,19,16,0.5110322833061218,0.880859375,86817,44450304
7469.532786989942,752.7890586071741,6313.164484737416,1000.0,367,{},{},"{'mean_env_wait_ms': 0.26365068078755116, 'mean_processing_ms': 0.14732194660300466, 'mean_inference_ms': 0.7429176747886168}",{},0,"{'min_exploration': 1.0, 'max_exploration': 1.0, 'num_target_updates': 0, 'num_reward_updates': 1288, 'num_steps_trained': 9959424, 'num_steps_sampled': 7020440, 'sample_throughput': 9957.57, 'train_throughput': 14550.397, 'num_weight_syncs': 17544, 'num_samples_dropped': 0, 'replay_shard_0': {'add_batch_time_ms': 1.197, 'replay_time_ms': 9.645, 'update_priorities_time_ms': 22.194, 'policy_default_policy': {'added_count': 1745840, 'sampled_count': 8363264, 'est_size_bytes': 595331440, 'num_entries': 1745840}}, 'async_time_sample_processing': 0.005, 'async_time_replay_processing': nan, 'async_time_update_priorities': nan, 'learner': {'default_policy': {'mean_q': 61.67216491699219, 'max_q': 89.081787109375, 'min_q': -0.20209890604019165}}}",368780,"{'episode_reward_max': 6320.12878642908, 'episode_reward_min': 6156.838177711138, 'episode_reward_mean': 6243.2366065573315, 'episode_len_mean': 1000.0, 'episodes_this_iter': 5, 'policy_reward_mean': {}, 'custom_metrics': {}, 'sampler_perf': {'mean_env_wait_ms': 0.26144008394072343, 'mean_processing_ms': 0.12412785343711082, 'mean_inference_ms': 0.7547803758345973}, 'off_policy_estimator': {}, 'num_metric_batches_dropped': 0}",False,7020440,7011,20,1d5de472210f4631a3cf53bfcdef24fb,2019-05-02_12-42-04,1556826124,38.158934116363525,757.791497707367,29185,perceptron,169.229.222.188,757.791497707367,7020440,20,16,0.5239982604980469,0.86328125,91456,46825472
7974.811724878215,490.39945000116654,6810.074336125612,1000.0,359,{},{},"{'mean_env_wait_ms': 0.2628872346688369, 'mean_processing_ms': 0.14722145125623448, 'mean_inference_ms': 0.7424860826524998}",{},0,"{'min_exploration': 1.0, 'max_exploration': 1.0, 'num_target_updates': 0, 'num_reward_updates': 1354, 'num_steps_trained': 10471424, 'num_steps_sampled': 7378140, 'sample_throughput': 15051.33, 'train_throughput': 14855.231, 'num_weight_syncs': 18439, 'num_samples_dropped': 0, 'replay_shard_0': {'add_batch_time_ms': 0.823, 'replay_time_ms': 11.403, 'update_priorities_time_ms': 20.685, 'policy_default_policy': {'added_count': 1835500, 'sampled_count': 8777216, 'est_size_bytes': 625905500, 'num_entries': 1835500}}, 'async_time_sample_processing': 0.004, 'async_time_replay_processing': nan, 'async_time_update_priorities': nan, 'learner': {'default_policy': {'mean_q': 61.08469009399414, 'max_q': 97.44111633300781, 'min_q': -22.026947021484375}}}",357700,"{'episode_reward_max': 7442.89376636374, 'episode_reward_min': 7261.628584086453, 'episode_reward_mean': 7369.008691328412, 'episode_len_mean': 1000.0, 'episodes_this_iter': 5, 'policy_reward_mean': {}, 'custom_metrics': {}, 'sampler_perf': {'mean_env_wait_ms': 0.2624504931880896, 'mean_processing_ms': 0.12542366558320422, 'mean_inference_ms': 0.761440961699202}, 'off_policy_estimator': {}, 'num_metric_batches_dropped': 0}",False,7378140,7370,21,1d5de472210f4631a3cf53bfcdef24fb,2019-05-02_12-42-48,1556826168,43.838332653045654,801.6298303604126,29185,perceptron,169.229.222.188,801.6298303604126,7378140,21,16,0.5251756906509399,0.8828125,95951,49126912
8041.642910620917,423.6778471961549,6932.183077970756,1000.0,351,{},{},"{'mean_env_wait_ms': 0.2623245947173629, 'mean_processing_ms': 0.14721049966697844, 'mean_inference_ms': 0.7423784539669133}",{},0,"{'min_exploration': 1.0, 'max_exploration': 1.0, 'num_target_updates': 0, 'num_reward_updates': 1418, 'num_steps_trained': 11053056, 'num_steps_sampled': 7730120, 'sample_throughput': 0.0, 'train_throughput': 13893.42, 'num_weight_syncs': 19318, 'num_samples_dropped': 0, 'replay_shard_0': {'add_batch_time_ms': 0.653, 'replay_time_ms': 9.761, 'update_priorities_time_ms': 20.027, 'policy_default_policy': {'added_count': 1921780, 'sampled_count': 9198080, 'est_size_bytes': 655326980, 'num_entries': 1921780}}, 'async_time_sample_processing': 0.001, 'async_time_replay_processing': nan, 'async_time_update_priorities': nan, 'learner': {'default_policy': {'mean_q': 61.81439208984375, 'max_q': 95.47048950195312, 'min_q': -1.763649821281433}}}",351980,"{'episode_reward_max': 7442.89376636374, 'episode_reward_min': 7261.628584086453, 'episode_reward_mean': 7369.008691328412, 'episode_len_mean': 1000.0, 'episodes_this_iter': 5, 'policy_reward_mean': {}, 'custom_metrics': {}, 'sampler_perf': {'mean_env_wait_ms': 0.2624504931880896, 'mean_processing_ms': 0.12542366558320422, 'mean_inference_ms': 0.761440961699202}, 'off_policy_estimator': {}, 'num_metric_batches_dropped': 0}",False,7730120,7721,22,1d5de472210f4631a3cf53bfcdef24fb,2019-05-02_12-43-23,1556826203,35.357351303100586,836.9871816635132,29185,perceptron,169.229.222.188,836.9871816635132,7730120,22,16,0.554223895072937,0.875,100366,51387392
8034.540837132286,1368.0508746291175,6387.5242151486755,1000.0,350,{},{},"{'mean_env_wait_ms': 0.261729186132523, 'mean_processing_ms': 0.1470934052888664, 'mean_inference_ms': 0.742162322874367}",{},0,"{'min_exploration': 1.0, 'max_exploration': 1.0, 'num_target_updates': 0, 'num_reward_updates': 1484, 'num_steps_trained': 11529216, 'num_steps_sampled': 8077900, 'sample_throughput': 9872.337, 'train_throughput': 13877.873, 'num_weight_syncs': 20188, 'num_samples_dropped': 0, 'replay_shard_0': {'add_batch_time_ms': 1.084, 'replay_time_ms': 10.995, 'update_priorities_time_ms': 22.128, 'policy_default_policy': {'added_count': 2008200, 'sampled_count': 9605632, 'est_size_bytes': 684796200, 'num_entries': 2008200}}, 'async_time_sample_processing': 0.01, 'async_time_replay_processing': nan, 'async_time_update_priorities': nan, 'learner': {'default_policy': {'mean_q': 65.00471496582031, 'max_q': 94.17115783691406, 'min_q': -13.54868221282959}}}",347780,"{'episode_reward_max': 6332.553830597681, 'episode_reward_min': 6040.346857107374, 'episode_reward_mean': 6110.84429041129, 'episode_len_mean': 1000.0, 'episodes_this_iter': 5, 'policy_reward_mean': {}, 'custom_metrics': {}, 'sampler_perf': {'mean_env_wait_ms': 0.261196468289479, 'mean_processing_ms': 0.12539444724438134, 'mean_inference_ms': 0.7594256904961096}, 'off_policy_estimator': {}, 'num_metric_batches_dropped': 0}",False,8077900,8071,23,1d5de472210f4631a3cf53bfcdef24fb,2019-05-02_12-44-07,1556826247,44.05817723274231,881.0453588962555,29185,perceptron,169.229.222.188,881.0453588962555,8077900,23,16,0.578933835029602,0.837890625,104713,53613056
7495.910071868519,4415.700590797576,6434.99415382143,1000.0,356,{},{},"{'mean_env_wait_ms': 0.2613915631590196, 'mean_processing_ms': 0.14714198567357128, 'mean_inference_ms': 0.7434761337427706}",{},0,"{'min_exploration': 1.0, 'max_exploration': 1.0, 'num_target_updates': 0, 'num_reward_updates': 1551, 'num_steps_trained': 12156928, 'num_steps_sampled': 8432660, 'sample_throughput': 0.0, 'train_throughput': 11832.466, 'num_weight_syncs': 21074, 'num_samples_dropped': 0, 'replay_shard_0': {'add_batch_time_ms': 0.662, 'replay_time_ms': 14.506, 'update_priorities_time_ms': 23.383, 'policy_default_policy': {'added_count': 2099040, 'sampled_count': 10044160, 'est_size_bytes': 715772640, 'num_entries': 2099040}}, 'async_time_sample_processing': 0.001, 'async_time_replay_processing': nan, 'async_time_update_priorities': nan, 'learner': {'default_policy': {'mean_q': 65.53626251220703, 'max_q': 92.19965362548828, 'min_q': -5.449293613433838}}}",354760,"{'episode_reward_max': 6332.553830597681, 'episode_reward_min': 6040.346857107374, 'episode_reward_mean': 6110.84429041129, 'episode_len_mean': 1000.0, 'episodes_this_iter': 5, 'policy_reward_mean': {}, 'custom_metrics': {}, 'sampler_perf': {'mean_env_wait_ms': 0.261196468289479, 'mean_processing_ms': 0.12539444724438134, 'mean_inference_ms': 0.7594256904961096}, 'off_policy_estimator': {}, 'num_metric_batches_dropped': 0}",False,8432660,8427,24,1d5de472210f4631a3cf53bfcdef24fb,2019-05-02_12-44-48,1556826288,40.85127234458923,921.8966312408447,29185,perceptron,169.229.222.188,921.8966312408447,8432660,24,16,0.5479694604873657,0.857421875,109093,55855616
7425.015495422878,2642.4824647144706,6619.2228518799875,1000.0,373,{},{},"{'mean_env_wait_ms': 0.26063023572221145, 'mean_processing_ms': 0.14686295111145764, 'mean_inference_ms': 0.7423346278494706}",{},0,"{'min_exploration': 1.0, 'max_exploration': 1.0, 'num_target_updates': 0, 'num_reward_updates': 1621, 'num_steps_trained': 12735488, 'num_steps_sampled': 8806880, 'sample_throughput': 11799.591, 'train_throughput': 15423.774, 'num_weight_syncs': 22009, 'num_samples_dropped': 0, 'replay_shard_0': {'add_batch_time_ms': 0.75, 'replay_time_ms': 11.398, 'update_priorities_time_ms': 24.733, 'policy_default_policy': {'added_count': 2190660, 'sampled_count': 10472704, 'est_size_bytes': 747015060, 'num_entries': 2190660}}, 'async_time_sample_processing': 0.007, 'async_time_replay_processing': nan, 'async_time_update_priorities': nan, 'learner': {'default_policy': {'mean_q': 64.468505859375, 'max_q': 89.4155044555664, 'min_q': -16.38661766052246}}}",374220,"{'episode_reward_max': 7882.056520777121, 'episode_reward_min': 7525.330058060111, 'episode_reward_mean': 7656.384301416203, 'episode_len_mean': 1000.0, 'episodes_this_iter': 5, 'policy_reward_mean': {}, 'custom_metrics': {}, 'sampler_perf': {'mean_env_wait_ms': 0.26259286269360144, 'mean_processing_ms': 0.1265853100597098, 'mean_inference_ms': 0.7675011970883064}, 'off_policy_estimator': {}, 'num_metric_batches_dropped': 0}",False,8806880,8800,25,1d5de472210f4631a3cf53bfcdef24fb,2019-05-02_12-45-34,1556826334,46.558396339416504,968.4550275802612,29185,perceptron,169.229.222.188,968.4550275802612,8806880,25,16,0.5535024404525757,0.8515625,113719,58224128
7827.269474833243,5696.036536853165,6737.69616359833,1000.0,362,{},{},"{'mean_env_wait_ms': 0.2603423554354487, 'mean_processing_ms': 0.1468420757002737, 'mean_inference_ms': 0.7421717240207594}",{},0,"{'min_exploration': 1.0, 'max_exploration': 1.0, 'num_target_updates': 0, 'num_reward_updates': 1688, 'num_steps_trained': 13364224, 'num_steps_sampled': 9167900, 'sample_throughput': 9437.294, 'train_throughput': 14249.135, 'num_weight_syncs': 22913, 'num_samples_dropped': 0, 'replay_shard_0': {'add_batch_time_ms': 0.666, 'replay_time_ms': 9.876, 'update_priorities_time_ms': 19.631, 'policy_default_policy': {'added_count': 2280180, 'sampled_count': 10907904, 'est_size_bytes': 777541380, 'num_entries': 2280180}}, 'async_time_sample_processing': 0.002, 'async_time_replay_processing': nan, 'async_time_update_priorities': nan, 'learner': {'default_policy': {'mean_q': 66.24256896972656, 'max_q': 91.65165710449219, 'min_q': -9.632722854614258}}}",361020,"{'episode_reward_max': 7882.056520777121, 'episode_reward_min': 7525.330058060111, 'episode_reward_mean': 7656.384301416203, 'episode_len_mean': 1000.0, 'episodes_this_iter': 5, 'policy_reward_mean': {}, 'custom_metrics': {}, 'sampler_perf': {'mean_env_wait_ms': 0.26259286269360144, 'mean_processing_ms': 0.1265853100597098, 'mean_inference_ms': 0.7675011970883064}, 'off_policy_estimator': {}, 'num_metric_batches_dropped': 0}",False,9167900,9162,26,1d5de472210f4631a3cf53bfcdef24fb,2019-05-02_12-46-13,1556826373,38.467106342315674,1006.9221339225769,29185,perceptron,169.229.222.188,1006.9221339225769,9167900,26,16,0.6045348644256592,0.8203125,118164,60499968
7702.687228674269,5464.126203411566,6627.264753780341,1000.0,352,{},{},"{'mean_env_wait_ms': 0.25998540033875683, 'mean_processing_ms': 0.14677907137460763, 'mean_inference_ms': 0.74183648674028}",{},0,"{'min_exploration': 1.0, 'max_exploration': 1.0, 'num_target_updates': 0, 'num_reward_updates': 1754, 'num_steps_trained': 13880320, 'num_steps_sampled': 9521880, 'sample_throughput': 11760.28, 'train_throughput': 14672.393, 'num_weight_syncs': 23796, 'num_samples_dropped': 0, 'replay_shard_0': {'add_batch_time_ms': 1.097, 'replay_time_ms': 12.075, 'update_priorities_time_ms': 26.332, 'policy_default_policy': {'added_count': 2367440, 'sampled_count': 11308544, 'est_size_bytes': 807297040, 'num_entries': 2367440}}, 'async_time_sample_processing': 0.002, 'async_time_replay_processing': nan, 'async_time_update_priorities': nan, 'learner': {'default_policy': {'mean_q': 69.57896423339844, 'max_q': 89.86631774902344, 'min_q': -2.0305728912353516}}}",353980,"{'episode_reward_max': 6652.528144490382, 'episode_reward_min': 6160.503735422264, 'episode_reward_mean': 6488.695820199102, 'episode_len_mean': 1000.0, 'episodes_this_iter': 5, 'policy_reward_mean': {}, 'custom_metrics': {}, 'sampler_perf': {'mean_env_wait_ms': 0.2611169872156018, 'mean_processing_ms': 0.1267964750195746, 'mean_inference_ms': 0.7645562846454528}, 'off_policy_estimator': {}, 'num_metric_batches_dropped': 0}",False,9521880,9514,27,1d5de472210f4631a3cf53bfcdef24fb,2019-05-02_12-46-56,1556826416,42.87066030502319,1049.7927942276,29185,perceptron,169.229.222.188,1049.7927942276,9521880,27,16,0.5505800247192383,0.859375,122505,62722560
7507.501940828979,5945.656176091977,6614.698914729407,1000.0,344,{},{},"{'mean_env_wait_ms': 0.2598780810967657, 'mean_processing_ms': 0.14687592372160163, 'mean_inference_ms': 0.7430764602348474}",{},0,"{'min_exploration': 1.0, 'max_exploration': 1.0, 'num_target_updates': 0, 'num_reward_updates': 1819, 'num_steps_trained': 14462976, 'num_steps_sampled': 9864040, 'sample_throughput': 11400.276, 'train_throughput': 15552.392, 'num_weight_syncs': 24650, 'num_samples_dropped': 0, 'replay_shard_0': {'add_batch_time_ms': 0.656, 'replay_time_ms': 11.255, 'update_priorities_time_ms': 23.998, 'policy_default_policy': {'added_count': 2452940, 'sampled_count': 11739904, 'est_size_bytes': 836452540, 'num_entries': 2452940}}, 'async_time_sample_processing': 0.004, 'async_time_replay_processing': nan, 'async_time_update_priorities': nan, 'learner': {'default_policy': {'mean_q': 70.28343200683594, 'max_q': 91.00062561035156, 'min_q': -0.9963769912719727}}}",342160,"{'episode_reward_max': 6652.528144490382, 'episode_reward_min': 6160.503735422264, 'episode_reward_mean': 6488.695820199102, 'episode_len_mean': 1000.0, 'episodes_this_iter': 5, 'policy_reward_mean': {}, 'custom_metrics': {}, 'sampler_perf': {'mean_env_wait_ms': 0.2611169872156018, 'mean_processing_ms': 0.1267964750195746, 'mean_inference_ms': 0.7645562846454528}, 'off_policy_estimator': {}, 'num_metric_batches_dropped': 0}",False,9864040,9858,28,1d5de472210f4631a3cf53bfcdef24fb,2019-05-02_12-47-36,1556826456,40.02501320838928,1089.8178074359894,29185,perceptron,169.229.222.188,1089.8178074359894,9864040,28,16,0.5982513427734375,0.83203125,126786,64914432
7545.145470166604,5728.404523518874,6750.467194527843,1000.0,362,{},{},"{'mean_env_wait_ms': 0.259923741214734, 'mean_processing_ms': 0.1470381853433219, 'mean_inference_ms': 0.7439819368757469}",{},0,"{'min_exploration': 1.0, 'max_exploration': 1.0, 'num_target_updates': 0, 'num_reward_updates': 1888, 'num_steps_trained': 15037440, 'num_steps_sampled': 10225820, 'sample_throughput': 0.0, 'train_throughput': 11952.311, 'num_weight_syncs': 25557, 'num_samples_dropped': 0, 'replay_shard_0': {'add_batch_time_ms': 0.704, 'replay_time_ms': 13.08, 'update_priorities_time_ms': 23.04, 'policy_default_policy': {'added_count': 2545060, 'sampled_count': 12154880, 'est_size_bytes': 852500000, 'num_entries': 2500000}}, 'async_time_sample_processing': 0.001, 'async_time_replay_processing': nan, 'async_time_update_priorities': nan, 'learner': {'default_policy': {'mean_q': 72.54998779296875, 'max_q': 89.95244598388672, 'min_q': -8.332171440124512}}}",361780,"{'episode_reward_max': 7470.983832826141, 'episode_reward_min': 7368.175212760354, 'episode_reward_mean': 7429.4971518774055, 'episode_len_mean': 1000.0, 'episodes_this_iter': 5, 'policy_reward_mean': {}, 'custom_metrics': {}, 'sampler_perf': {'mean_env_wait_ms': 0.2611074323536517, 'mean_processing_ms': 0.1272448220745736, 'mean_inference_ms': 0.7664221626295376}, 'off_policy_estimator': {}, 'num_metric_batches_dropped': 0}",False,10225820,10220,29,1d5de472210f4631a3cf53bfcdef24fb,2019-05-02_12-48-20,1556826500,44.45319390296936,1134.2710013389587,29185,perceptron,169.229.222.188,1134.2710013389587,10225820,29,16,0.6301904916763306,0.787109375,131218,67183616
7828.880488243722,5706.518620264143,7024.604895880597,1000.0,374,{},{},"{'mean_env_wait_ms': 0.2593923273902782, 'mean_processing_ms': 0.14678757365058728, 'mean_inference_ms': 0.7427753811837906}",{},0,"{'min_exploration': 1.0, 'max_exploration': 1.0, 'num_target_updates': 0, 'num_reward_updates': 1957, 'num_steps_trained': 15651840, 'num_steps_sampled': 10600500, 'sample_throughput': 6398.722, 'train_throughput': 14356.508, 'num_weight_syncs': 26492, 'num_samples_dropped': 0, 'replay_shard_0': {'add_batch_time_ms': 0.705, 'replay_time_ms': 10.956, 'update_priorities_time_ms': 21.455, 'policy_default_policy': {'added_count': 2638360, 'sampled_count': 12606720, 'est_size_bytes': 852500000, 'num_entries': 2500000}}, 'async_time_sample_processing': 0.003, 'async_time_replay_processing': nan, 'async_time_update_priorities': nan, 'learner': {'default_policy': {'mean_q': 72.08460235595703, 'max_q': 90.32151794433594, 'min_q': -0.45296967029571533}}}",374680,"{'episode_reward_max': 7470.983832826141, 'episode_reward_min': 7368.175212760354, 'episode_reward_mean': 7429.4971518774055, 'episode_len_mean': 1000.0, 'episodes_this_iter': 5, 'policy_reward_mean': {}, 'custom_metrics': {}, 'sampler_perf': {'mean_env_wait_ms': 0.2611074323536517, 'mean_processing_ms': 0.1272448220745736, 'mean_inference_ms': 0.7664221626295376}, 'off_policy_estimator': {}, 'num_metric_batches_dropped': 0}",False,10600500,10594,30,1d5de472210f4631a3cf53bfcdef24fb,2019-05-02_12-49-00,1556826540,39.950181007385254,1174.221182346344,29185,perceptron,169.229.222.188,1174.221182346344,10600500,30,16,0.6415188908576965,0.791015625,135781,69519872
7862.522931539617,5786.416612177231,7080.6910168848535,1000.0,357,{},{},"{'mean_env_wait_ms': 0.25931832822411593, 'mean_processing_ms': 0.14682417166383024, 'mean_inference_ms': 0.7428449868155249}",{},0,"{'min_exploration': 1.0, 'max_exploration': 1.0, 'num_target_updates': 0, 'num_reward_updates': 2024, 'num_steps_trained': 16187392, 'num_steps_sampled': 10957040, 'sample_throughput': 12693.003, 'train_throughput': 14687.187, 'num_weight_syncs': 27387, 'num_samples_dropped': 0, 'replay_shard_0': {'add_batch_time_ms': 0.692, 'replay_time_ms': 12.248, 'update_priorities_time_ms': 21.118, 'policy_default_policy': {'added_count': 2725740, 'sampled_count': 13012480, 'est_size_bytes': 852500000, 'num_entries': 2500000}}, 'async_time_sample_processing': 0.005, 'async_time_replay_processing': nan, 'async_time_update_priorities': nan, 'learner': {'default_policy': {'mean_q': 74.13221740722656, 'max_q': 91.78063201904297, 'min_q': 0.5404213666915894}}}",356540,"{'episode_reward_max': 7433.431377548111, 'episode_reward_min': 7160.048644052422, 'episode_reward_mean': 7281.266881666777, 'episode_len_mean': 1000.0, 'episodes_this_iter': 5, 'policy_reward_mean': {}, 'custom_metrics': {}, 'sampler_perf': {'mean_env_wait_ms': 0.26016934835395117, 'mean_processing_ms': 0.12700063010033205, 'mean_inference_ms': 0.7658425634705955}, 'off_policy_estimator': {}, 'num_metric_batches_dropped': 0}",False,10957040,10951,31,1d5de472210f4631a3cf53bfcdef24fb,2019-05-02_12-49-45,1556826585,44.17714071273804,1218.398323059082,29185,perceptron,169.229.222.188,1218.398323059082,10957040,31,16,0.6390734910964966,0.79296875,140135,71749120
7685.435783268299,1171.1721036804747,6812.36373691239,1000.0,343,{},{},"{'mean_env_wait_ms': 0.2592025682420174, 'mean_processing_ms': 0.1468380421833082, 'mean_inference_ms': 0.7434223969330667}",{},0,"{'min_exploration': 1.0, 'max_exploration': 1.0, 'num_target_updates': 0, 'num_reward_updates': 2088, 'num_steps_trained': 16769024, 'num_steps_sampled': 11300880, 'sample_throughput': 20884.996, 'train_throughput': 13955.713, 'num_weight_syncs': 28246, 'num_samples_dropped': 0, 'replay_shard_0': {'add_batch_time_ms': 0.693, 'replay_time_ms': 11.797, 'update_priorities_time_ms': 23.112, 'policy_default_policy': {'added_count': 2813140, 'sampled_count': 13440512, 'est_size_bytes': 852500000, 'num_entries': 2500000}}, 'async_time_sample_processing': 0.001, 'async_time_replay_processing': nan, 'async_time_update_priorities': nan, 'learner': {'default_policy': {'mean_q': 73.06806945800781, 'max_q': 87.94039154052734, 'min_q': -8.555508613586426}}}",343840,"{'episode_reward_max': 7433.431377548111, 'episode_reward_min': 7160.048644052422, 'episode_reward_mean': 7281.266881666777, 'episode_len_mean': 1000.0, 'episodes_this_iter': 5, 'policy_reward_mean': {}, 'custom_metrics': {}, 'sampler_perf': {'mean_env_wait_ms': 0.26016934835395117, 'mean_processing_ms': 0.12700063010033205, 'mean_inference_ms': 0.7658425634705955}, 'off_policy_estimator': {}, 'num_metric_batches_dropped': 0}",False,11300880,11294,32,1d5de472210f4631a3cf53bfcdef24fb,2019-05-02_12-50-26,1556826626,41.26681399345398,1259.665137052536,29185,perceptron,169.229.222.188,1259.665137052536,11300880,32,16,0.6531341671943665,0.751953125,144324,73893888
7511.169559993523,2340.458394177718,6672.455426150429,1000.0,330,{},{},"{'mean_env_wait_ms': 0.2593694055182074, 'mean_processing_ms': 0.14705476404037507, 'mean_inference_ms': 0.7449808681268122}",{},0,"{'min_exploration': 1.0, 'max_exploration': 1.0, 'num_target_updates': 0, 'num_reward_updates': 2149, 'num_steps_trained': 17315840, 'num_steps_sampled': 11632300, 'sample_throughput': 8342.381, 'train_throughput': 13641.594, 'num_weight_syncs': 29074, 'num_samples_dropped': 0, 'replay_shard_0': {'add_batch_time_ms': 0.676, 'replay_time_ms': 12.55, 'update_priorities_time_ms': 22.225, 'policy_default_policy': {'added_count': 2898420, 'sampled_count': 13812480, 'est_size_bytes': 852500000, 'num_entries': 2500000}}, 'async_time_sample_processing': 0.006, 'async_time_replay_processing': nan, 'async_time_update_priorities': nan, 'learner': {'default_policy': {'mean_q': 73.69512939453125, 'max_q': 88.3807373046875, 'min_q': 0.3647702932357788}}}",331420,"{'episode_reward_max': 7549.627538034432, 'episode_reward_min': 7212.0498312047, 'episode_reward_mean': 7445.104770695774, 'episode_len_mean': 1000.0, 'episodes_this_iter': 5, 'policy_reward_mean': {}, 'custom_metrics': {}, 'sampler_perf': {'mean_env_wait_ms': 0.2600523849626158, 'mean_processing_ms': 0.12690542199898, 'mean_inference_ms': 0.7650599350030008}, 'off_policy_estimator': {}, 'num_metric_batches_dropped': 0}",False,11632300,11624,33,1d5de472210f4631a3cf53bfcdef24fb,2019-05-02_12-51-08,1556826668,41.879422664642334,1301.5445597171783,29185,perceptron,169.229.222.188,1301.5445597171783,11632300,33,16,0.6520216464996338,0.794921875,148315,75937280
8152.130429608881,4681.818188613066,6961.885160817161,1000.0,378,{},{},"{'mean_env_wait_ms': 0.25892111613940266, 'mean_processing_ms': 0.14681329849235178, 'mean_inference_ms': 0.7438141177609847}",{},0,"{'min_exploration': 1.0, 'max_exploration': 1.0, 'num_target_updates': 0, 'num_reward_updates': 2218, 'num_steps_trained': 17895424, 'num_steps_sampled': 12008640, 'sample_throughput': 0.0, 'train_throughput': 16047.758, 'num_weight_syncs': 30014, 'num_samples_dropped': 0, 'replay_shard_0': {'add_batch_time_ms': 0.736, 'replay_time_ms': 12.642, 'update_priorities_time_ms': 21.945, 'policy_default_policy': {'added_count': 2991420, 'sampled_count': 14247936, 'est_size_bytes': 852500000, 'num_entries': 2500000}}, 'async_time_sample_processing': 0.001, 'async_time_replay_processing': nan, 'async_time_update_priorities': nan, 'learner': {'default_policy': {'mean_q': 74.36160278320312, 'max_q': 87.0462417602539, 'min_q': -3.2846338748931885}}}",376340,"{'episode_reward_max': 7549.627538034432, 'episode_reward_min': 7212.0498312047, 'episode_reward_mean': 7445.104770695774, 'episode_len_mean': 1000.0, 'episodes_this_iter': 5, 'policy_reward_mean': {}, 'custom_metrics': {}, 'sampler_perf': {'mean_env_wait_ms': 0.2600523849626158, 'mean_processing_ms': 0.12690542199898, 'mean_inference_ms': 0.7650599350030008}, 'off_policy_estimator': {}, 'num_metric_batches_dropped': 0}",False,12008640,12002,34,1d5de472210f4631a3cf53bfcdef24fb,2019-05-02_12-51-47,1556826707,39.17814517021179,1340.7227048873901,29185,perceptron,169.229.222.188,1340.7227048873901,12008640,34,16,0.6629422903060913,0.76953125,152778,78222336
8148.9773613976895,1107.4580907365464,7124.819102395947,1000.0,381,{},{},"{'mean_env_wait_ms': 0.2588239198517031, 'mean_processing_ms': 0.1468383451227373, 'mean_inference_ms': 0.7437953883273094}",{},0,"{'min_exploration': 1.0, 'max_exploration': 1.0, 'num_target_updates': 0, 'num_reward_updates': 2289, 'num_steps_trained': 18433024, 'num_steps_sampled': 12389580, 'sample_throughput': 13470.997, 'train_throughput': 14866.183, 'num_weight_syncs': 30968, 'num_samples_dropped': 0, 'replay_shard_0': {'add_batch_time_ms': 0.733, 'replay_time_ms': 14.283, 'update_priorities_time_ms': 24.088, 'policy_default_policy': {'added_count': 3087700, 'sampled_count': 14666496, 'est_size_bytes': 852500000, 'num_entries': 2500000}}, 'async_time_sample_processing': 0.004, 'async_time_replay_processing': nan, 'async_time_update_priorities': nan, 'learner': {'default_policy': {'mean_q': 71.25668334960938, 'max_q': 84.74117279052734, 'min_q': -0.9040030241012573}}}",380940,"{'episode_reward_max': 7986.913989475789, 'episode_reward_min': 7533.73835696974, 'episode_reward_mean': 7754.160301982052, 'episode_len_mean': 1000.0, 'episodes_this_iter': 5, 'policy_reward_mean': {}, 'custom_metrics': {}, 'sampler_perf': {'mean_env_wait_ms': 0.2595403380366928, 'mean_processing_ms': 0.1266354757919245, 'mean_inference_ms': 0.7633570100097643}, 'off_policy_estimator': {}, 'num_metric_batches_dropped': 0}",False,12389580,12383,35,1d5de472210f4631a3cf53bfcdef24fb,2019-05-02_12-52-33,1556826753,46.39568614959717,1387.1183910369873,29185,perceptron,169.229.222.188,1387.1183910369873,12389580,35,16,0.6697605848312378,0.748046875,157222,80497664
8020.717655967337,1808.1666395210937,7182.395579970081,1000.0,352,{},{},"{'mean_env_wait_ms': 0.2584983522937449, 'mean_processing_ms': 0.146656038040169, 'mean_inference_ms': 0.7430038001781292}",{},0,"{'min_exploration': 1.0, 'max_exploration': 1.0, 'num_target_updates': 0, 'num_reward_updates': 2353, 'num_steps_trained': 19043328, 'num_steps_sampled': 12745360, 'sample_throughput': 11012.072, 'train_throughput': 13353.271, 'num_weight_syncs': 31857, 'num_samples_dropped': 0, 'replay_shard_0': {'add_batch_time_ms': 0.696, 'replay_time_ms': 13.642, 'update_priorities_time_ms': 24.813, 'policy_default_policy': {'added_count': 3176420, 'sampled_count': 15099392, 'est_size_bytes': 852500000, 'num_entries': 2500000}}, 'async_time_sample_processing': 0.002, 'async_time_replay_processing': nan, 'async_time_update_priorities': nan, 'learner': {'default_policy': {'mean_q': 70.24329376220703, 'max_q': 81.28495025634766, 'min_q': -4.058234214782715}}}",355780,"{'episode_reward_max': 7986.913989475789, 'episode_reward_min': 7533.73835696974, 'episode_reward_mean': 7754.160301982052, 'episode_len_mean': 1000.0, 'episodes_this_iter': 5, 'policy_reward_mean': {}, 'custom_metrics': {}, 'sampler_perf': {'mean_env_wait_ms': 0.2595403380366928, 'mean_processing_ms': 0.1266354757919245, 'mean_inference_ms': 0.7633570100097643}, 'off_policy_estimator': {}, 'num_metric_batches_dropped': 0}",False,12745360,12735,36,1d5de472210f4631a3cf53bfcdef24fb,2019-05-02_12-53-17,1556826797,43.173874616622925,1430.2922656536102,29185,perceptron,169.229.222.188,1430.2922656536102,12745360,36,16,0.7003512382507324,0.751953125,161420,82647040
8325.472816951748,1366.3777987494927,7368.822452123252,1000.0,336,{},{},"{'mean_env_wait_ms': 0.2585986146190232, 'mean_processing_ms': 0.1468305501718047, 'mean_inference_ms': 0.7441948760150078}",{},0,"{'min_exploration': 1.0, 'max_exploration': 1.0, 'num_target_updates': 0, 'num_reward_updates': 2415, 'num_steps_trained': 19619840, 'num_steps_sampled': 13079800, 'sample_throughput': 13830.796, 'train_throughput': 13535.172, 'num_weight_syncs': 32691, 'num_samples_dropped': 0, 'replay_shard_0': {'add_batch_time_ms': 1.387, 'replay_time_ms': 12.294, 'update_priorities_time_ms': 24.372, 'policy_default_policy': {'added_count': 3261020, 'sampled_count': 15488768, 'est_size_bytes': 852500000, 'num_entries': 2500000}}, 'async_time_sample_processing': 0.001, 'async_time_replay_processing': nan, 'async_time_update_priorities': nan, 'learner': {'default_policy': {'mean_q': 69.34268188476562, 'max_q': 81.22421264648438, 'min_q': -1.7278329133987427}}}",334440,"{'episode_reward_max': 8444.93890457222, 'episode_reward_min': 7985.341469398343, 'episode_reward_mean': 8204.634609948815, 'episode_len_mean': 1000.0, 'episodes_this_iter': 5, 'policy_reward_mean': {}, 'custom_metrics': {}, 'sampler_perf': {'mean_env_wait_ms': 0.26008780267879694, 'mean_processing_ms': 0.1269655834859498, 'mean_inference_ms': 0.7641644474554095}, 'off_policy_estimator': {}, 'num_metric_batches_dropped': 0}",False,13079800,13071,37,1d5de472210f4631a3cf53bfcdef24fb,2019-05-02_12-54-01,1556826841,44.50691509246826,1474.7991807460785,29185,perceptron,169.229.222.188,1474.7991807460785,13079800,37,16,0.7016762495040894,0.7421875,165516,84744192
8623.756764411564,1172.0957470646433,7448.304302263172,1000.0,342,{},{},"{'mean_env_wait_ms': 0.2585416823640272, 'mean_processing_ms': 0.1468126835765073, 'mean_inference_ms': 0.7442102198372642}",{},0,"{'min_exploration': 1.0, 'max_exploration': 1.0, 'num_target_updates': 0, 'num_reward_updates': 2477, 'num_steps_trained': 20219904, 'num_steps_sampled': 13420900, 'sample_throughput': 13479.826, 'train_throughput': 13762.379, 'num_weight_syncs': 33544, 'num_samples_dropped': 0, 'replay_shard_0': {'add_batch_time_ms': 0.659, 'replay_time_ms': 11.766, 'update_priorities_time_ms': 20.254, 'policy_default_policy': {'added_count': 3345280, 'sampled_count': 15875072, 'est_size_bytes': 852500000, 'num_entries': 2500000}}, 'async_time_sample_processing': 0.004, 'async_time_replay_processing': nan, 'async_time_update_priorities': nan, 'learner': {'default_policy': {'mean_q': 70.3431396484375, 'max_q': 79.8818359375, 'min_q': 1.1293997764587402}}}",341100,"{'episode_reward_max': 8444.93890457222, 'episode_reward_min': 7985.341469398343, 'episode_reward_mean': 8204.634609948815, 'episode_len_mean': 1000.0, 'episodes_this_iter': 5, 'policy_reward_mean': {}, 'custom_metrics': {}, 'sampler_perf': {'mean_env_wait_ms': 0.26008780267879694, 'mean_processing_ms': 0.1269655834859498, 'mean_inference_ms': 0.7641644474554095}, 'off_policy_estimator': {}, 'num_metric_batches_dropped': 0}",False,13420900,13413,38,1d5de472210f4631a3cf53bfcdef24fb,2019-05-02_12-54-37,1556826877,35.712822675704956,1510.5120034217834,29185,perceptron,169.229.222.188,1510.5120034217834,13420900,38,16,0.6844122409820557,0.732421875,169450,86758400
8769.247301909663,1024.3641501299999,7652.749353655334,1000.0,372,{},{},"{'mean_env_wait_ms': 0.2582881159048743, 'mean_processing_ms': 0.14669185262843168, 'mean_inference_ms': 0.7435684784578045}",{},0,"{'min_exploration': 1.0, 'max_exploration': 1.0, 'num_target_updates': 0, 'num_reward_updates': 2543, 'num_steps_trained': 20710400, 'num_steps_sampled': 13791440, 'sample_throughput': 0.0, 'train_throughput': 14477.158, 'num_weight_syncs': 34471, 'num_samples_dropped': 0, 'replay_shard_0': {'add_batch_time_ms': 1.242, 'replay_time_ms': 10.853, 'update_priorities_time_ms': 21.428, 'policy_default_policy': {'added_count': 3437660, 'sampled_count': 16271616, 'est_size_bytes': 852500000, 'num_entries': 2500000}}, 'async_time_sample_processing': 0.001, 'async_time_replay_processing': nan, 'async_time_update_priorities': nan, 'learner': {'default_policy': {'mean_q': 68.32782745361328, 'max_q': 79.7997055053711, 'min_q': 0.029247522354125977}}}",370540,"{'episode_reward_max': 8530.741047428428, 'episode_reward_min': 8275.881864823476, 'episode_reward_mean': 8427.508288707173, 'episode_len_mean': 1000.0, 'episodes_this_iter': 5, 'policy_reward_mean': {}, 'custom_metrics': {}, 'sampler_perf': {'mean_env_wait_ms': 0.25911335763433463, 'mean_processing_ms': 0.12652371570285872, 'mean_inference_ms': 0.7617108666398757}, 'off_policy_estimator': {}, 'num_metric_batches_dropped': 0}",False,13791440,13785,39,1d5de472210f4631a3cf53bfcdef24fb,2019-05-02_12-55-22,1556826922,44.643277645111084,1555.1552810668945,29185,perceptron,169.229.222.188,1555.1552810668945,13791440,39,16,0.7428489923477173,0.685546875,173708,88938496
8415.75394169865,981.3076515292532,7304.622379464456,1000.0,382,{},{},"{'mean_env_wait_ms': 0.2582958216944818, 'mean_processing_ms': 0.1467479896876546, 'mean_inference_ms': 0.7437507114920008}",{},0,"{'min_exploration': 1.0, 'max_exploration': 1.0, 'num_target_updates': 0, 'num_reward_updates': 2612, 'num_steps_trained': 21320704, 'num_steps_sampled': 14173160, 'sample_throughput': 9091.322, 'train_throughput': 14221.438, 'num_weight_syncs': 35425, 'num_samples_dropped': 0, 'replay_shard_0': {'add_batch_time_ms': 1.066, 'replay_time_ms': 10.411, 'update_priorities_time_ms': 21.166, 'policy_default_policy': {'added_count': 3532080, 'sampled_count': 16694272, 'est_size_bytes': 852500000, 'num_entries': 2500000}}, 'async_time_sample_processing': 0.003, 'async_time_replay_processing': nan, 'async_time_update_priorities': nan, 'learner': {'default_policy': {'mean_q': 66.3429946899414, 'max_q': 76.36161041259766, 'min_q': -1.1949783563613892}}}",381720,"{'episode_reward_max': 8530.741047428428, 'episode_reward_min': 8275.881864823476, 'episode_reward_mean': 8427.508288707173, 'episode_len_mean': 1000.0, 'episodes_this_iter': 5, 'policy_reward_mean': {}, 'custom_metrics': {}, 'sampler_perf': {'mean_env_wait_ms': 0.25911335763433463, 'mean_processing_ms': 0.12652371570285872, 'mean_inference_ms': 0.7617108666398757}, 'off_policy_estimator': {}, 'num_metric_batches_dropped': 0}",False,14173160,14167,40,1d5de472210f4631a3cf53bfcdef24fb,2019-05-02_12-56-04,1556826964,42.37356400489807,1597.5288450717926,29185,perceptron,169.229.222.188,1597.5288450717926,14173160,40,16,0.6803234815597534,0.77734375,177945,91107840
8413.587904920554,-1.2413405136575548,7469.656131665108,1000.0,341,{},{},"{'mean_env_wait_ms': 0.2581273537625249, 'mean_processing_ms': 0.1466802865936038, 'mean_inference_ms': 0.7437362365513865}",{},0,"{'min_exploration': 1.0, 'max_exploration': 1.0, 'num_target_updates': 0, 'num_reward_updates': 2675, 'num_steps_trained': 21871616, 'num_steps_sampled': 14513600, 'sample_throughput': 9438.514, 'train_throughput': 13478.617, 'num_weight_syncs': 36275, 'num_samples_dropped': 0, 'replay_shard_0': {'add_batch_time_ms': 0.867, 'replay_time_ms': 11.566, 'update_priorities_time_ms': 21.824, 'policy_default_policy': {'added_count': 3616840, 'sampled_count': 17080320, 'est_size_bytes': 852500000, 'num_entries': 2500000}}, 'async_time_sample_processing': 0.002, 'async_time_replay_processing': nan, 'async_time_update_priorities': nan, 'learner': {'default_policy': {'mean_q': 66.52350616455078, 'max_q': 75.71503448486328, 'min_q': -1.9534921646118164}}}",340440,"{'episode_reward_max': 7744.617676739241, 'episode_reward_min': 7502.676511214917, 'episode_reward_mean': 7618.315057419354, 'episode_len_mean': 1000.0, 'episodes_this_iter': 5, 'policy_reward_mean': {}, 'custom_metrics': {}, 'sampler_perf': {'mean_env_wait_ms': 0.25909485226853274, 'mean_processing_ms': 0.12666451222361158, 'mean_inference_ms': 0.7611517418475684}, 'off_policy_estimator': {}, 'num_metric_batches_dropped': 0}",False,14513600,14508,41,1d5de472210f4631a3cf53bfcdef24fb,2019-05-02_12-56-53,1556827013,48.6137912273407,1646.1426362991333,29185,perceptron,169.229.222.188,1646.1426362991333,14513600,41,16,0.7291561961174011,0.703125,181829,93096448
